Protein_with_mutation;Protein_other;Mutation;ΔΔG_interface
1433G_HUMAN;RB11A_HUMAN;D228V;-1.962
1433G_HUMAN;RB11A_HUMAN;D228N;-0.117
1433G_HUMAN;RB11A_HUMAN;V181A;0.292
1433G_HUMAN;RB11A_HUMAN;L177F;-0.251
1433G_HUMAN;RB11A_HUMAN;Y133C;-0.652
1433G_HUMAN;RB11A_HUMAN;R132C;0.772
1433G_HUMAN;RB11A_HUMAN;R57H;0.537
1433G_HUMAN;RB11A_HUMAN;R57C;0.530
1433G_HUMAN;RB11A_HUMAN;N178D;-0.412
TERA_HUMAN;ACTN4_HUMAN;R159H;0.959
TERA_HUMAN;ACTN4_HUMAN;R159S;0.622
TERA_HUMAN;ACTN4_HUMAN;R159C;0.150
TERA_HUMAN;ACTN4_HUMAN;R159G;0.483
TERA_HUMAN;ACTN4_HUMAN;M158V;0.807
TERA_HUMAN;ACTN4_HUMAN;R155H;-11.176
TERA_HUMAN;ACTN4_HUMAN;R155S;-9.742
TERA_HUMAN;ACTN4_HUMAN;R155G;-23.848
TERA_HUMAN;ACTN4_HUMAN;R155C;1.496
TERA_HUMAN;ACTN4_HUMAN;P137L;5.457
TERA_HUMAN;ACTN4_HUMAN;P137S;2.074
LDHA_HUMAN;ALDOA_HUMAN;D82N;0.375
FLNA_HUMAN;ATL4_HUMAN;M28V;1.462
CH60_HUMAN;ALDOA_HUMAN;Q461E;-0.672
CSK2B_HUMAN;PP1A_HUMAN;D32Y;-1.908
CSK2B_HUMAN;PP1A_HUMAN;D32N;-0.323
CSK2B_HUMAN;PP1A_HUMAN;D32A;-1.360
CSK2B_HUMAN;PP1A_HUMAN;F34C;0.404
CSK2B_HUMAN;PP1A_HUMAN;R86P;2.116
CSK2B_HUMAN;PP1A_HUMAN;H165R;-7.327
LMNA_HUMAN;EF1D_HUMAN;D446N;0.276
LMNA_HUMAN;EF1D_HUMAN;D446V;1.162
LMNA_HUMAN;EF1D_HUMAN;R455P;3.816
LMNA_HUMAN;EF1D_HUMAN;M540T;-0.171
LMNA_HUMAN;EF1D_HUMAN;M540I;-0.066
LMNA_HUMAN;EF1D_HUMAN;R541S;-2.517
LMNA_HUMAN;EF1D_HUMAN;R541C;-2.664
LMNA_HUMAN;EF1D_HUMAN;R541G;-3.614
LMNA_HUMAN;EF1D_HUMAN;R541P;-2.384
LMNA_HUMAN;EF1D_HUMAN;R541H;-3.388
LMNA_HUMAN;EF1D_HUMAN;K542N;0.556
EF2_HUMAN;1433T_HUMAN;E772K;-5.896
CH60_HUMAN;EF2_HUMAN;Q461E;-3.345
DYHC1_HUMAN;FLNA_HUMAN;E3450K;-2.892
FLNA_HUMAN;DYHC1_HUMAN;K42E;0.985
FLNA_HUMAN;HNRPD_HUMAN;K42E;0.612
FLNA_HUMAN;HNRPD_HUMAN;M28V;0.168
FLNA_HUMAN;LMNA_HUMAN;E254K;-0.657
FLNA_HUMAN;LMNA_HUMAN;D253E;-1.650
FLNA_HUMAN;LMNA_HUMAN;A39G;-0.644
FLNB_HUMAN;RL31_HUMAN;F161C;-0.193
FLNB_HUMAN;RL31_HUMAN;E227K;2.316
DYHC1_HUMAN;FLNC_HUMAN;L3264M;-0.033
FLNC_HUMAN;ENOA_HUMAN;V123A;-0.006
HNRPK_HUMAN;ELAV1_HUMAN;R46L;-0.309
HNRPK_HUMAN;ELAV1_HUMAN;R46C;-0.685
TERA_HUMAN;HNRPK_HUMAN;R159H;-2.851
TERA_HUMAN;HNRPK_HUMAN;R159S;-6.649
TERA_HUMAN;HNRPK_HUMAN;R159C;-6.664
TERA_HUMAN;HNRPK_HUMAN;R159G;-5.547
TERA_HUMAN;HNRPK_HUMAN;M158V;1.119
TERA_HUMAN;HNRPK_HUMAN;R155H;0.380
TERA_HUMAN;HNRPK_HUMAN;R155S;0.079
TERA_HUMAN;HNRPK_HUMAN;R155G;0.433
TERA_HUMAN;HNRPK_HUMAN;R155C;0.152
HNRPK_HUMAN;XRCC6_HUMAN;R46L;-0.670
HNRPK_HUMAN;XRCC6_HUMAN;R46C;0.893
HSPB1_HUMAN;1433B_HUMAN;R127W;-0.569
HSPB1_HUMAN;1433B_HUMAN;R127L;-1.004
HSPB1_HUMAN;1433B_HUMAN;S135A;0.352
HSPB1_HUMAN;1433B_HUMAN;S135C;-0.516
HSPB1_HUMAN;1433B_HUMAN;S135Y;1.435
HSPB1_HUMAN;1433B_HUMAN;S135F;0.213
HSPB1_HUMAN;1433B_HUMAN;R136W;-0.511
HSPB1_HUMAN;1433B_HUMAN;R136Q;-0.740
HSPB1_HUMAN;1433B_HUMAN;R136L;-2.178
HSPB1_HUMAN;1433B_HUMAN;T139M;1.084
HSPB1_HUMAN;1433B_HUMAN;R140G;0.392
HSPB1_HUMAN;1433B_HUMAN;T151I;-0.756
HSPB1_HUMAN;1433E_HUMAN;L99M;-2.025
HSPB1_HUMAN;1433E_HUMAN;R136W;1.444
HSPB1_HUMAN;1433E_HUMAN;R136Q;1.151
HSPB1_HUMAN;1433E_HUMAN;R136L;0.927
HSPB1_HUMAN;1433E_HUMAN;T139M;-0.258
HSPB1_HUMAN;1433E_HUMAN;R140G;-2.258
HSPB1_HUMAN;1433E_HUMAN;P145S;0.779
HSPB1_HUMAN;1433Z_HUMAN;L99M;-1.962
HSPB1_HUMAN;1433Z_HUMAN;S135A;-0.152
HSPB1_HUMAN;1433Z_HUMAN;S135C;0.270
HSPB1_HUMAN;1433Z_HUMAN;S135Y;9.585
HSPB1_HUMAN;1433Z_HUMAN;S135F;7.053
HSPB1_HUMAN;1433Z_HUMAN;R136W;2.272
HSPB1_HUMAN;1433Z_HUMAN;R136Q;1.577
HSPB1_HUMAN;1433Z_HUMAN;R136L;0.653
HSPB1_HUMAN;1433Z_HUMAN;T139M;0.030
HSPB1_HUMAN;1433Z_HUMAN;R140G;-3.243
1433Z_HUMAN;HSPB1_HUMAN;R127C;0.612
HSPB1_HUMAN;ACTN4_HUMAN;L99M;0.595
HSPB1_HUMAN;ACTN4_HUMAN;S135A;0.184
HSPB1_HUMAN;ACTN4_HUMAN;S135C;0.161
HSPB1_HUMAN;ACTN4_HUMAN;S135Y;-0.223
HSPB1_HUMAN;ACTN4_HUMAN;S135F;-0.377
HSPB1_HUMAN;ACTN4_HUMAN;R136W;0.697
HSPB1_HUMAN;ACTN4_HUMAN;R136Q;1.274
HSPB1_HUMAN;ACTN4_HUMAN;R136L;2.693
HSPB1_HUMAN;ACTN4_HUMAN;R140G;-3.385
HSPB1_HUMAN;BIP_HUMAN;L99M;-1.335
HSPB1_HUMAN;BIP_HUMAN;S135A;0.176
HSPB1_HUMAN;BIP_HUMAN;S135C;-0.670
HSPB1_HUMAN;BIP_HUMAN;S135Y;-0.235
HSPB1_HUMAN;BIP_HUMAN;S135F;-0.221
HSPB1_HUMAN;BIP_HUMAN;R136W;-0.006
HSPB1_HUMAN;BIP_HUMAN;R136Q;1.092
HSPB1_HUMAN;BIP_HUMAN;R136L;-0.146
HSPB1_HUMAN;BIP_HUMAN;T139M;-0.983
HSPB1_HUMAN;BIP_HUMAN;R140G;-2.002
HSPB1_HUMAN;BIP_HUMAN;P145S;-0.490
HSPB1_HUMAN;EF1D_HUMAN;L99M;-0.666
HSPB1_HUMAN;EF1D_HUMAN;R136W;1.681
HSPB1_HUMAN;EF1D_HUMAN;R136Q;1.221
HSPB1_HUMAN;EF1D_HUMAN;R136L;1.540
HSPB1_HUMAN;EF1D_HUMAN;R140G;0.124
HSPB1_HUMAN;FLNB_HUMAN;L99M;0.124
HSPB1_HUMAN;FLNB_HUMAN;R136W;-1.574
HSPB1_HUMAN;FLNB_HUMAN;R136Q;0.960
HSPB1_HUMAN;FLNB_HUMAN;R136L;-0.397
HSPB1_HUMAN;FLNB_HUMAN;R140G;-0.106
HSPB1_HUMAN;FLNC_HUMAN;L99M;0.760
HSPB1_HUMAN;FLNC_HUMAN;R136W;-1.477
HSPB1_HUMAN;FLNC_HUMAN;R136Q;-0.415
HSPB1_HUMAN;FLNC_HUMAN;R136L;-1.851
HSPB1_HUMAN;FLNC_HUMAN;T139M;0.098
HSPB1_HUMAN;FLNC_HUMAN;R140G;-0.709
HSPB1_HUMAN;FLNC_HUMAN;P145S;0.967
HSPB1_HUMAN;HNRPD_HUMAN;L99M;0.149
HSPB1_HUMAN;HNRPD_HUMAN;R127W;1.042
HSPB1_HUMAN;HNRPD_HUMAN;R127L;1.043
HSPB1_HUMAN;HNRPD_HUMAN;R136W;-0.277
HSPB1_HUMAN;HNRPD_HUMAN;R136Q;0.885
HSPB1_HUMAN;HNRPD_HUMAN;R136L;0.612
HSPB1_HUMAN;HNRPD_HUMAN;R140G;1.548
HSPB1_HUMAN;PRDX6_HUMAN;S135A;-4.811
HSPB1_HUMAN;PRDX6_HUMAN;S135C;-3.456
HSPB1_HUMAN;PRDX6_HUMAN;S135Y;-6.646
HSPB1_HUMAN;PRDX6_HUMAN;S135F;-7.532
HSPB1_HUMAN;PRDX6_HUMAN;T139M;-1.103
HSPB1_HUMAN;PRDX6_HUMAN;R140G;1.451
HSPB1_HUMAN;PRDX6_HUMAN;P145S;0.974
HSPB1_HUMAN;RL6_HUMAN;R127W;0.528
HSPB1_HUMAN;RL6_HUMAN;R127L;0.351
HSPB1_HUMAN;RL6_HUMAN;S135A;-0.082
HSPB1_HUMAN;RL6_HUMAN;S135C;-0.081
HSPB1_HUMAN;RL6_HUMAN;S135Y;-0.154
HSPB1_HUMAN;RL6_HUMAN;S135F;-0.097
HSPB1_HUMAN;RL6_HUMAN;P145S;0.023
HSPB1_HUMAN;RL6_HUMAN;T151I;-4.637
FLNA_HUMAN;ILF2_HUMAN;N94D;-1.418
FLNA_HUMAN;ILF2_HUMAN;K42E;0.844
LDHA_HUMAN;ENOA_HUMAN;D82N;-1.123
LDHA_HUMAN;RAB5C_HUMAN;D82N;0.511
1433Z_HUMAN;LDHB_HUMAN;R127C;0.189
LMNA_HUMAN;PARP1_HUMAN;V442E;0.219
LMNA_HUMAN;PARP1_HUMAN;R455P;2.271
LMNA_HUMAN;PARP1_HUMAN;R527P;-0.026
LMNA_HUMAN;PARP1_HUMAN;A529P;0.126
LMNA_HUMAN;PARP1_HUMAN;A529T;0.099
LMNA_HUMAN;PARP1_HUMAN;M540T;0.427
LMNA_HUMAN;PARP1_HUMAN;M540I;0.064
LMNA_HUMAN;PARP1_HUMAN;R541S;-0.724
LMNA_HUMAN;PARP1_HUMAN;R541C;-0.892
LMNA_HUMAN;PARP1_HUMAN;R541G;-0.378
LMNA_HUMAN;PARP1_HUMAN;R541P;-0.560
LMNA_HUMAN;PARP1_HUMAN;R541H;-1.423
LMNA_HUMAN;PARP1_HUMAN;K542N;1.560
LMNA_HUMAN;RFA1_HUMAN;D446N;-18.738
LMNA_HUMAN;RFA1_HUMAN;D446V;-16.809
LMNA_HUMAN;RFA1_HUMAN;R453W;0.978
LMNA_HUMAN;RFA1_HUMAN;R453P;0.426
LMNA_HUMAN;RFA1_HUMAN;R455P;-4.557
LMNA_HUMAN;RFA1_HUMAN;N456D;-8.025
LMNA_HUMAN;RFA1_HUMAN;N456T;0.055
LMNA_HUMAN;RFA1_HUMAN;N456K;-0.067
LMNA_HUMAN;RFA1_HUMAN;N456K;-7.602
LMNA_HUMAN;RFA1_HUMAN;W498C;-0.082
LMNA_HUMAN;RFA1_HUMAN;R541S;-8.871
LMNA_HUMAN;RFA1_HUMAN;R541C;-8.122
LMNA_HUMAN;RFA1_HUMAN;R541G;-10.219
LMNA_HUMAN;RFA1_HUMAN;R541P;-8.533
LMNA_HUMAN;RFA1_HUMAN;R541H;0.025
LMNA_HUMAN;RFA1_HUMAN;K542N;-9.257
DYHC1_HUMAN;RUVB2_HUMAN;R3339H;0.390
DYHC1_HUMAN;RUVB2_HUMAN;E3345K;0.962
SYEP_HUMAN;SYIC_HUMAN;P1160S;0.002
SYEP_HUMAN;SYIC_HUMAN;M1126T;-0.029
SYQ_HUMAN;AIMP2_HUMAN;M1I;0.082
SYQ_HUMAN;AIMP2_HUMAN;M1T;0.376
TERA_HUMAN;1433Z_HUMAN;E185K;-0.571
TERA_HUMAN;1433Z_HUMAN;M158V;0.002
TERA_HUMAN;1433Z_HUMAN;R155H;0.194
TERA_HUMAN;1433Z_HUMAN;R155S;0.456
TERA_HUMAN;1433Z_HUMAN;R155G;1.578
TERA_HUMAN;1433Z_HUMAN;R155C;1.406
TERA_HUMAN;1433Z_HUMAN;P137L;4.054
TERA_HUMAN;1433Z_HUMAN;P137S;1.128
FLNB_HUMAN;TERA_HUMAN;E227K;-14.932
TERA_HUMAN;GRB2_HUMAN;R191P;-0.285
TERA_HUMAN;GRB2_HUMAN;R191Q;-0.297
TERA_HUMAN;GRB2_HUMAN;R93C;0.033
LMNA_HUMAN;TPR_HUMAN;D446N;-0.865
LMNA_HUMAN;TPR_HUMAN;D446V;-1.008
LMNA_HUMAN;TPR_HUMAN;R453W;0.063
LMNA_HUMAN;TPR_HUMAN;R453P;0.383
LMNA_HUMAN;TPR_HUMAN;R455P;1.266
LMNA_HUMAN;TPR_HUMAN;R541S;1.420
LMNA_HUMAN;TPR_HUMAN;R541C;1.236
LMNA_HUMAN;TPR_HUMAN;R541G;1.302
LMNA_HUMAN;TPR_HUMAN;R541P;1.316
LMNA_HUMAN;TPR_HUMAN;R541H;1.023
P53_HUMAN;UBC9_HUMAN;E285V;-0.010
P53_HUMAN;UBC9_HUMAN;E285K;2.337
P53_HUMAN;UBC9_HUMAN;D281E;-0.679
P53_HUMAN;UBC9_HUMAN;D281A;0.219
P53_HUMAN;UBC9_HUMAN;D281V;0.089
P53_HUMAN;UBC9_HUMAN;D281G;-0.145
P53_HUMAN;UBC9_HUMAN;D281H;0.614
P53_HUMAN;UBC9_HUMAN;D281N;0.725
P53_HUMAN;UBC9_HUMAN;D281Y;0.172
P53_HUMAN;UBC9_HUMAN;R280S;0.470
P53_HUMAN;UBC9_HUMAN;R280T;0.401
P53_HUMAN;UBC9_HUMAN;R273L;-0.785
P53_HUMAN;UBC9_HUMAN;R273P;-0.376
P53_HUMAN;UBC9_HUMAN;R273H;-0.366
P53_HUMAN;UBC9_HUMAN;R273G;-1.276
P53_HUMAN;UBC9_HUMAN;R273S;-0.714
P53_HUMAN;UBC9_HUMAN;R273C;-0.331
P53_HUMAN;UBC9_HUMAN;E271V;1.267
P53_HUMAN;UBC9_HUMAN;P250L;2.591
P53_HUMAN;UBC9_HUMAN;R249S;-3.444
P53_HUMAN;UBC9_HUMAN;R249T;-2.181
P53_HUMAN;UBC9_HUMAN;R248P;-0.716
P53_HUMAN;UBC9_HUMAN;R248L;-1.128
P53_HUMAN;UBC9_HUMAN;R248Q;-0.465
P53_HUMAN;UBC9_HUMAN;R248G;-0.798
P53_HUMAN;UBC9_HUMAN;R248W;-0.612
P53_HUMAN;UBC9_HUMAN;S241Y;-0.060
P53_HUMAN;UBC9_HUMAN;S241C;-0.004
P53_HUMAN;UBC9_HUMAN;S241F;-0.171
P53_HUMAN;UBC9_HUMAN;S241T;0.165
P53_HUMAN;UBC9_HUMAN;S241A;0.047
P53_HUMAN;UBC9_HUMAN;S240N;0.091
P53_HUMAN;UBC9_HUMAN;S240G;-0.018
P53_HUMAN;UBC9_HUMAN;H168P;-4.962
P53_HUMAN;UBC9_HUMAN;H168L;-3.489
P53_HUMAN;UBC9_HUMAN;Q165L;-2.006
P53_HUMAN;UBC9_HUMAN;F134C;-0.021
P53_HUMAN;UBC9_HUMAN;F134I;-0.182
P53_HUMAN;UBC9_HUMAN;K132N;-1.221
P53_HUMAN;UBC9_HUMAN;K132N;-1.271
P53_HUMAN;UBC9_HUMAN;K132R;0.721
P53_HUMAN;UBC9_HUMAN;L130H;-0.006
P53_HUMAN;UBC9_HUMAN;L130P;-0.311
LMNA_HUMAN;XRCC6_HUMAN;D446N;2.138
LMNA_HUMAN;XRCC6_HUMAN;D446V;-0.347
LMNA_HUMAN;XRCC6_HUMAN;R453W;-4.770
LMNA_HUMAN;XRCC6_HUMAN;R453P;-4.436
LMNA_HUMAN;XRCC6_HUMAN;R455P;-2.441
LMNA_HUMAN;XRCC6_HUMAN;N456D;0.391
LMNA_HUMAN;XRCC6_HUMAN;N456T;0.266
LMNA_HUMAN;XRCC6_HUMAN;N456K;0.275
LMNA_HUMAN;XRCC6_HUMAN;N456K;0.254
LMNA_HUMAN;XRCC6_HUMAN;W498C;0.388
LMNA_HUMAN;XRCC6_HUMAN;R527P;0.015
LMNA_HUMAN;XRCC6_HUMAN;K542N;-0.046
